Date,State,Region,Consumption,latitude,longitude
2019-01-02,Punjab,NR,119.9,31.52,75.98
2019-01-02,Haryana,NR,130.3,28.45,77.02
2019-01-02,Rajasthan,NR,234.1,26.45,74.64
2019-01-02,Delhi,NR,85.8,28.67,77.23
2019-01-02,UP,NR,313.9,27.6,78.05
2019-01-02,Uttarakhand,NR,40.7,30.3204,78.05
2019-01-02,HP,NR,30,31.1,77.1666
2019-01-02,J&K,NR,52.5,33.45,76.24
2019-01-02,Chandigarh,NR,5,30.72,76.78
2019-01-02,Chhattisgarh,WR,78.7,22.0904,82.16
2019-01-02,Gujarat,WR,319.5,22.2587,71.1924
2019-01-02,MP,WR,253,21.3004,76.13
2019-01-02,Maharashtra,WR,428.6,19.2502,73.1602
2019-01-02,Goa,WR,12.8,15.492,73.818
2019-01-02,DNH,WR,18.6,20.2666,73.0166
2019-01-02,"Andhra Pradesh",SR,164.6,14.7504,78.57
2019-01-02,Telangana,SR,204.2,18.1124,79.0193
2019-01-02,Karnataka,SR,206.3,12.5704,76.92
2019-01-02,Kerala,SR,72.7,8.90037,76.57
2019-01-02,"Tamil Nadu",SR,268.3,12.9204,79.15
2019-01-02,Pondy,SR,6.3,11.935,79.83
2019-01-02,Bihar,ER,82.3,25.7854,87.48
2019-01-02,Jharkhand,ER,24.8,23.8004,86.42
2019-01-02,Odisha,ER,70.2,19.8204,85.9
2019-01-02,"West Bengal",ER,108.2,22.5804,88.3299
2019-01-02,Sikkim,ER,2,27.3333,88.6166
2019-01-02,"Arunachal Pradesh",NER,2.1,27.1004,93.6166
2019-01-02,Assam,NER,21.7,26.75,94.2167
2019-01-02,Manipur,NER,2.7,24.8,93.95
2019-01-02,Meghalaya,NER,6.1,25.5705,91.88
2019-01-02,Mizoram,NER,1.9,23.7104,92.72
2019-01-02,Nagaland,NER,2.2,25.667,94.1166
2019-01-02,Tripura,NER,3.4,23.8354,91.28
2019-01-03,Punjab,NR,121.9,31.52,75.98
2019-01-03,Haryana,NR,133.5,28.45,77.02
2019-01-03,Rajasthan,NR,240.2,26.45,74.64
2019-01-03,Delhi,NR,85.5,28.67,77.23
2019-01-03,UP,NR,311.8,27.6,78.05
2019-01-03,Uttarakhand,NR,39.3,30.3204,78.05
2019-01-03,HP,NR,30.1,31.1,77.1666
2019-01-03,J&K,NR,54.1,33.45,76.24
2019-01-03,Chandigarh,NR,4.9,30.72,76.78
2019-01-03,Chhattisgarh,WR,78.8,22.0904,82.16
2019-01-03,Gujarat,WR,316.7,22.2587,71.1924
2019-01-03,MP,WR,253.6,21.3004,76.13
2019-01-03,Maharashtra,WR,419.6,19.2502,73.1602
2019-01-03,Goa,WR,13.7,15.492,73.818
2019-01-03,DNH,WR,18.2,20.2666,73.0166
2019-01-03,"Andhra Pradesh",SR,170.1,14.7504,78.57
2019-01-03,Telangana,SR,204.5,18.1124,79.0193
2019-01-03,Karnataka,SR,212.2,12.5704,76.92
2019-01-03,Kerala,SR,73.6,8.90037,76.57
2019-01-03,"Tamil Nadu",SR,285.2,12.9204,79.15
2019-01-03,Pondy,SR,6.5,11.935,79.83
2019-01-03,Bihar,ER,82,25.7854,87.48
2019-01-03,Jharkhand,ER,25.6,23.8004,86.42
2019-01-03,Odisha,ER,67.9,19.8204,85.9
2019-01-03,"West Bengal",ER,110.2,22.5804,88.3299
2019-01-03,Sikkim,ER,1.9,27.3333,88.6166
2019-01-03,"Arunachal Pradesh",NER,2.2,27.1004,93.6166
2019-01-03,Assam,NER,23.4,26.75,94.2167
2019-01-03,Manipur,NER,2.4,24.8,93.95
2019-01-03,Meghalaya,NER,6.5,25.5705,91.88
2019-01-03,Mizoram,NER,1.8,23.7104,92.72
2019-01-03,Nagaland,NER,2.2,25.667,94.1166
2019-01-03,Tripura,NER,3.6,23.8354,91.28
2019-01-04,Punjab,NR,118.8,31.52,75.98
2019-01-04,Haryana,NR,128.2,28.45,77.02
2019-01-04,Rajasthan,NR,239.8,26.45,74.64
2019-01-04,Delhi,NR,83.5,28.67,77.23
2019-01-04,UP,NR,320.7,27.6,78.05
2019-01-04,Uttarakhand,NR,38.1,30.3204,78.05
2019-01-04,HP,NR,30.1,31.1,77.1666
2019-01-04,J&K,NR,53.2,33.45,76.24
2019-01-04,Chandigarh,NR,4.8,30.72,76.78
2019-01-04,Chhattisgarh,WR,74.8,22.0904,82.16
2019-01-04,Gujarat,WR,301.9,22.2587,71.1924
2019-01-04,MP,WR,239.3,21.3004,76.13
2019-01-04,Maharashtra,WR,395.8,19.2502,73.1602
2019-01-04,Goa,WR,12.6,15.492,73.818
2019-01-04,DNH,WR,16.7,20.2666,73.0166
2019-01-04,"Andhra Pradesh",SR,165.2,14.7504,78.57
2019-01-04,Telangana,SR,201.2,18.1124,79.0193
2019-01-04,Karnataka,SR,205.3,12.5704,76.92
2019-01-04,Kerala,SR,73.4,8.90037,76.57
2019-01-04,"Tamil Nadu",SR,270.3,12.9204,79.15
2019-01-04,Pondy,SR,6.4,11.935,79.83
2019-01-04,Bihar,ER,82.9,25.7854,87.48
2019-01-04,Jharkhand,ER,26.3,23.8004,86.42
2019-01-04,Odisha,ER,66.3,19.8204,85.9
2019-01-04,"West Bengal",ER,106.8,22.5804,88.3299
2019-01-04,Sikkim,ER,1.7,27.3333,88.6166
2019-01-04,"Arunachal Pradesh",NER,2.2,27.1004,93.6166
2019-01-04,Assam,NER,21.7,26.75,94.2167
2019-01-04,Manipur,NER,2.4,24.8,93.95
2019-01-04,Meghalaya,NER,6.3,25.5705,91.88
2019-01-04,Mizoram,NER,1.7,23.7104,92.72
2019-01-04,Nagaland,NER,2.2,25.667,94.1166
2019-01-04,Tripura,NER,3.5,23.8354,91.28
2019-01-05,Punjab,NR,121,31.52,75.98
2019-01-05,Haryana,NR,127.5,28.45,77.02
2019-01-05,Rajasthan,NR,239.1,26.45,74.64
2019-01-05,Delhi,NR,79.2,28.67,77.23
2019-01-05,UP,NR,299,27.6,78.05
2019-01-05,Uttarakhand,NR,39.2,30.3204,78.05
2019-01-05,HP,NR,30.2,31.1,77.1666
2019-01-05,J&K,NR,51.5,33.45,76.24
2019-01-05,Chandigarh,NR,4.3,30.72,76.78
2019-01-05,Chhattisgarh,WR,69,22.0904,82.16
2019-01-05,Gujarat,WR,313.2,22.2587,71.1924
2019-01-05,MP,WR,228.2,21.3004,76.13
2019-01-05,Maharashtra,WR,411.1,19.2502,73.1602
2019-01-05,Goa,WR,13,15.492,73.818
2019-01-05,DNH,WR,17.6,20.2666,73.0166
2019-01-05,"Andhra Pradesh",SR,167.4,14.7504,78.57
2019-01-05,Telangana,SR,201.7,18.1124,79.0193
2019-01-05,Karnataka,SR,212.4,12.5704,76.92
2019-01-05,Kerala,SR,75.4,8.90037,76.57
2019-01-05,"Tamil Nadu",SR,286.8,12.9204,79.15
2019-01-05,Pondy,SR,6.6,11.935,79.83
2019-01-05,Bihar,ER,77,25.7854,87.48
2019-01-05,Jharkhand,ER,23,23.8004,86.42
2019-01-05,Odisha,ER,65.8,19.8204,85.9
2019-01-05,"West Bengal",ER,107,22.5804,88.3299
2019-01-05,Sikkim,ER,2,27.3333,88.6166
2019-01-05,"Arunachal Pradesh",NER,2.2,27.1004,93.6166
2019-01-05,Assam,NER,22.5,26.75,94.2167
2019-01-05,Manipur,NER,2.7,24.8,93.95
2019-01-05,Meghalaya,NER,5.7,25.5705,91.88
2019-01-05,Mizoram,NER,1.8,23.7104,92.72
2019-01-05,Nagaland,NER,2.3,25.667,94.1166
2019-01-05,Tripura,NER,3.5,23.8354,91.28
2019-01-06,Punjab,NR,121.4,31.52,75.98
2019-01-06,Haryana,NR,132.6,28.45,77.02
2019-01-06,Rajasthan,NR,240.4,26.45,74.64
2019-01-06,Delhi,NR,76.6,28.67,77.23
2019-01-06,UP,NR,286.8,27.6,78.05
2019-01-06,Uttarakhand,NR,39.2,30.3204,78.05
2019-01-06,HP,NR,31,31.1,77.1666
2019-01-06,J&K,NR,53.2,33.45,76.24
2019-01-06,Chandigarh,NR,4.3,30.72,76.78
2019-01-06,Chhattisgarh,WR,68.1,22.0904,82.16
2019-01-06,Gujarat,WR,320.7,22.2587,71.1924
2019-01-06,MP,WR,227.4,21.3004,76.13
2019-01-06,Maharashtra,WR,408.6,19.2502,73.1602
2019-01-06,Goa,WR,12.9,15.492,73.818
2019-01-06,DNH,WR,18.6,20.2666,73.0166
2019-01-06,"Andhra Pradesh",SR,171.2,14.7504,78.57
2019-01-06,Telangana,SR,194.9,18.1124,79.0193
2019-01-06,Karnataka,SR,217.5,12.5704,76.92
2019-01-06,Kerala,SR,75.4,8.90037,76.57
2019-01-06,"Tamil Nadu",SR,298.3,12.9204,79.15
2019-01-06,Pondy,SR,7.2,11.935,79.83
2019-01-06,Bihar,ER,76.4,25.7854,87.48
2019-01-06,Jharkhand,ER,22.6,23.8004,86.42
2019-01-06,Odisha,ER,62.9,19.8204,85.9
2019-01-06,"West Bengal",ER,106.4,22.5804,88.3299
2019-01-06,Sikkim,ER,2,27.3333,88.6166
2019-01-06,"Arunachal Pradesh",NER,2.2,27.1004,93.6166
2019-01-06,Assam,NER,21.7,26.75,94.2167
2019-01-06,Manipur,NER,2.7,24.8,93.95
2019-01-06,Meghalaya,NER,6.2,25.5705,91.88
2019-01-06,Mizoram,NER,1.9,23.7104,92.72
2019-01-06,Nagaland,NER,2.3,25.667,94.1166
2019-01-06,Tripura,NER,3.3,23.8354,91.28
2019-01-07,Punjab,NR,118,31.52,75.98
2019-01-07,Haryana,NR,132.1,28.45,77.02
2019-01-07,Rajasthan,NR,241.9,26.45,74.64
2019-01-07,Delhi,NR,71.1,28.67,77.23
2019-01-07,UP,NR,294.2,27.6,78.05
2019-01-07,Uttarakhand,NR,40.1,30.3204,78.05
2019-01-07,HP,NR,30.1,31.1,77.1666
2019-01-07,J&K,NR,53.3,33.45,76.24
2019-01-07,Chandigarh,NR,4,30.72,76.78
2019-01-07,Chhattisgarh,WR,73.1,22.0904,82.16
2019-01-07,Gujarat,WR,319.4,22.2587,71.1924
2019-01-07,MP,WR,230.3,21.3004,76.13
2019-01-07,Maharashtra,WR,408.1,19.2502,73.1602
2019-01-07,Goa,WR,12.7,15.492,73.818
2019-01-07,DNH,WR,18.3,20.2666,73.0166
2019-01-07,"Andhra Pradesh",SR,166.4,14.7504,78.57
2019-01-07,Telangana,SR,191.9,18.1124,79.0193
2019-01-07,Karnataka,SR,217.4,12.5704,76.92
2019-01-07,Kerala,SR,74.9,8.90037,76.57
2019-01-07,"Tamil Nadu",SR,294.2,12.9204,79.15
2019-01-07,Pondy,SR,7,11.935,79.83
2019-01-07,Bihar,ER,75.3,25.7854,87.48
2019-01-07,Jharkhand,ER,23.9,23.8004,86.42
2019-01-07,Odisha,ER,64,19.8204,85.9
2019-01-07,"West Bengal",ER,109.3,22.5804,88.3299
2019-01-07,Sikkim,ER,1.5,27.3333,88.6166
2019-01-07,"Arunachal Pradesh",NER,2.2,27.1004,93.6166
2019-01-07,Assam,NER,21.4,26.75,94.2167
2019-01-07,Manipur,NER,2.5,24.8,93.95
2019-01-07,Meghalaya,NER,6.1,25.5705,91.88
2019-01-07,Mizoram,NER,1.8,23.7104,92.72
2019-01-07,Nagaland,NER,2.3,25.667,94.1166
2019-01-07,Tripura,NER,3.3,23.8354,91.28
2019-01-08,Punjab,NR,107.5,31.52,75.98
2019-01-08,Haryana,NR,121.4,28.45,77.02
2019-01-08,Rajasthan,NR,237.2,26.45,74.64
2019-01-08,Delhi,NR,69,28.67,77.23
2019-01-08,UP,NR,289.4,27.6,78.05
2019-01-08,Uttarakhand,NR,37,30.3204,78.05
2019-01-08,HP,NR,29.2,31.1,77.1666
2019-01-08,J&K,NR,51.2,33.45,76.24
2019-01-08,Chandigarh,NR,3.8,30.72,76.78
2019-01-08,Chhattisgarh,WR,74.2,22.0904,82.16
2019-01-08,Gujarat,WR,307.9,22.2587,71.1924
2019-01-08,MP,WR,228.8,21.3004,76.13
2019-01-08,Maharashtra,WR,398.2,19.2502,73.1602
2019-01-08,Goa,WR,10.9,15.492,73.818
2019-01-08,DNH,WR,18.1,20.2666,73.0166
2019-01-08,"Andhra Pradesh",SR,160.8,14.7504,78.57
2019-01-08,Telangana,SR,190.8,18.1124,79.0193
2019-01-08,Karnataka,SR,201,12.5704,76.92
2019-01-08,Kerala,SR,68.2,8.90037,76.57
2019-01-08,"Tamil Nadu",SR,279.2,12.9204,79.15
2019-01-08,Pondy,SR,6.5,11.935,79.83
2019-01-08,Bihar,ER,76.2,25.7854,87.48
2019-01-08,Jharkhand,ER,23.3,23.8004,86.42
2019-01-08,Odisha,ER,63.6,19.8204,85.9
2019-01-08,"West Bengal",ER,102.9,22.5804,88.3299
2019-01-08,Sikkim,ER,1.6,27.3333,88.6166
2019-01-08,"Arunachal Pradesh",NER,2.3,27.1004,93.6166
2019-01-08,Assam,NER,20.7,26.75,94.2167
2019-01-08,Manipur,NER,2.6,24.8,93.95
2019-01-08,Meghalaya,NER,6.2,25.5705,91.88
2019-01-08,Mizoram,NER,1.8,23.7104,92.72
2019-01-08,Nagaland,NER,2.1,25.667,94.1166
2019-01-08,Tripura,NER,3.3,23.8354,91.28
2019-01-09,Punjab,NR,132.5,31.52,75.98
2019-01-09,Haryana,NR,148.2,28.45,77.02
2019-01-09,Rajasthan,NR,197,26.45,74.64
2019-01-09,Delhi,NR,89.2,28.67,77.23
2019-01-09,UP,NR,258.6,27.6,78.05
2019-01-09,Uttarakhand,NR,35.9,30.3204,78.05
2019-01-09,HP,NR,25.3,31.1,77.1666
2019-01-09,J&K,NR,37.9,33.45,76.24
2019-01-09,Chandigarh,NR,3.9,30.72,76.78
2019-01-09,Chhattisgarh,WR,77.2,22.0904,82.16
2019-01-09,Gujarat,WR,260,22.2587,71.1924
2019-01-09,MP,WR,162.5,21.3004,76.13
2019-01-09,Maharashtra,WR,400.9,19.2502,73.1602
2019-01-09,Goa,WR,12.1,15.492,73.818
2019-01-09,DNH,WR,18,20.2666,73.0166
2019-01-09,"Andhra Pradesh",SR,163,14.7504,78.57
2019-01-09,Telangana,SR,167.5,18.1124,79.0193
2019-01-09,Karnataka,SR,173.6,12.5704,76.92
2019-01-09,Kerala,SR,67.9,8.90037,76.57
2019-01-09,"Tamil Nadu",SR,280.4,12.9204,79.15
2019-01-09,Pondy,SR,7.6,11.935,79.83
2019-01-09,Bihar,ER,56.4,25.7854,87.48
2019-01-09,Jharkhand,ER,19.2,23.8004,86.42
2019-01-09,Odisha,ER,86.6,19.8204,85.9
2019-01-09,"West Bengal",ER,131.7,22.5804,88.3299
2019-01-09,Sikkim,ER,1.1,27.3333,88.6166
2019-01-09,"Arunachal Pradesh",NER,2.1,27.1004,93.6166
2019-01-09,Assam,NER,25.8,26.75,94.2167
2019-01-09,Manipur,NER,2.3,24.8,93.95
2019-01-09,Meghalaya,NER,6,25.5705,91.88
2019-01-09,Mizoram,NER,1.7,23.7104,92.72
2019-01-09,Nagaland,NER,2.4,25.667,94.1166
2019-01-09,Tripura,NER,4.2,23.8354,91.28
2019-01-10,Punjab,NR,131.5,31.52,75.98
2019-01-10,Haryana,NR,157,28.45,77.02
2019-01-10,Rajasthan,NR,199.9,26.45,74.64
2019-01-10,Delhi,NR,92.8,28.67,77.23
2019-01-10,UP,NR,284.2,27.6,78.05
2019-01-10,Uttarakhand,NR,35.3,30.3204,78.05
2019-01-10,HP,NR,26.5,31.1,77.1666
2019-01-10,J&K,NR,31.7,33.45,76.24
2019-01-10,Chandigarh,NR,3.9,30.72,76.78
2019-01-10,Chhattisgarh,WR,79,22.0904,82.16
2019-01-10,Gujarat,WR,268.3,22.2587,71.1924
2019-01-10,MP,WR,159.6,21.3004,76.13
2019-01-10,Maharashtra,WR,409.7,19.2502,73.1602
2019-01-10,Goa,WR,12.1,15.492,73.818
2019-01-10,DNH,WR,17.8,20.2666,73.0166
2019-01-10,"Andhra Pradesh",SR,168.8,14.7504,78.57
2019-01-10,Telangana,SR,173.4,18.1124,79.0193
2019-01-10,Karnataka,SR,176,12.5704,76.92
2019-01-10,Kerala,SR,68.9,8.90037,76.57
2019-01-10,"Tamil Nadu",SR,290.8,12.9204,79.15
2019-01-10,Pondy,SR,7.9,11.935,79.83
2019-01-10,Bihar,ER,69.9,25.7854,87.48
2019-01-10,Jharkhand,ER,21.8,23.8004,86.42
2019-01-10,Odisha,ER,78.8,19.8204,85.9
2019-01-10,"West Bengal",ER,140.1,22.5804,88.3299
2019-01-10,Sikkim,ER,1.1,27.3333,88.6166
2019-01-10,"Arunachal Pradesh",NER,2.1,27.1004,93.6166
2019-01-10,Assam,NER,25.8,26.75,94.2167
2019-01-10,Manipur,NER,2.4,24.8,93.95
2019-01-10,Meghalaya,NER,6.2,25.5705,91.88
2019-01-10,Mizoram,NER,1.7,23.7104,92.72
2019-01-10,Nagaland,NER,2.1,25.667,94.1166
2019-01-10,Tripura,NER,4.3,23.8354,91.28
2019-01-11,Punjab,NR,130.3,31.52,75.98
2019-01-11,Haryana,NR,145.3,28.45,77.02
2019-01-11,Rajasthan,NR,187.7,26.45,74.64
2019-01-11,Delhi,NR,79.5,28.67,77.23
2019-01-11,UP,NR,281.4,27.6,78.05
2019-01-11,Uttarakhand,NR,30.1,30.3204,78.05
2019-01-11,HP,NR,23.9,31.1,77.1666
2019-01-11,J&K,NR,37.3,33.45,76.24
2019-01-11,Chandigarh,NR,3.4,30.72,76.78
2019-01-11,Chhattisgarh,WR,80.7,22.0904,82.16
2019-01-11,Gujarat,WR,275,22.2587,71.1924
2019-01-11,MP,WR,154.3,21.3004,76.13
2019-01-11,Maharashtra,WR,405.2,19.2502,73.1602
2019-01-11,Goa,WR,12.1,15.492,73.818
2019-01-11,DNH,WR,16.9,20.2666,73.0166
2019-01-11,"Andhra Pradesh",SR,167.7,14.7504,78.57
2019-01-11,Telangana,SR,166.7,18.1124,79.0193
2019-01-11,Karnataka,SR,157,12.5704,76.92
2019-01-11,Kerala,SR,67.4,8.90037,76.57
2019-01-11,"Tamil Nadu",SR,270.5,12.9204,79.15
2019-01-11,Pondy,SR,7.1,11.935,79.83
2019-01-11,Bihar,ER,76.2,25.7854,87.48
2019-01-11,Jharkhand,ER,23.3,23.8004,86.42
2019-01-11,Odisha,ER,78.4,19.8204,85.9
2019-01-11,"West Bengal",ER,149.8,22.5804,88.3299
2019-01-11,Sikkim,ER,0.8,27.3333,88.6166
2019-01-11,"Arunachal Pradesh",NER,2.1,27.1004,93.6166
2019-01-11,Assam,NER,27.9,26.75,94.2167
2019-01-11,Manipur,NER,2.4,24.8,93.95
2019-01-11,Meghalaya,NER,6.2,25.5705,91.88
2019-01-11,Mizoram,NER,1.8,23.7104,92.72
2019-01-11,Nagaland,NER,2.1,25.667,94.1166
2019-01-11,Tripura,NER,4.3,23.8354,91.28
2019-01-12,Punjab,NR,137.9,31.52,75.98
2019-01-12,Haryana,NR,151.9,28.45,77.02
2019-01-12,Rajasthan,NR,189.9,26.45,74.64
2019-01-12,Delhi,NR,92.6,28.67,77.23
2019-01-12,UP,NR,298.6,27.6,78.05
2019-01-12,Uttarakhand,NR,34.7,30.3204,78.05
2019-01-12,HP,NR,26.4,31.1,77.1666
2019-01-12,J&K,NR,34.6,33.45,76.24
2019-01-12,Chandigarh,NR,4,30.72,76.78
2019-01-12,Chhattisgarh,WR,85.2,22.0904,82.16
2019-01-12,Gujarat,WR,294.1,22.2587,71.1924
2019-01-12,MP,WR,161.1,21.3004,76.13
2019-01-12,Maharashtra,WR,421.8,19.2502,73.1602
2019-01-12,Goa,WR,12.2,15.492,73.818
2019-01-12,DNH,WR,17.6,20.2666,73.0166
2019-01-12,"Andhra Pradesh",SR,168.1,14.7504,78.57
2019-01-12,Telangana,SR,173.2,18.1124,79.0193
2019-01-12,Karnataka,SR,163.5,12.5704,76.92
2019-01-12,Kerala,SR,69.9,8.90037,76.57
2019-01-12,"Tamil Nadu",SR,298.4,12.9204,79.15
2019-01-12,Pondy,SR,8,11.935,79.83
2019-01-12,Bihar,ER,82.3,25.7854,87.48
2019-01-12,Jharkhand,ER,24.3,23.8004,86.42
2019-01-12,Odisha,ER,82.4,19.8204,85.9
2019-01-12,"West Bengal",ER,154.7,22.5804,88.3299
2019-01-12,Sikkim,ER,1,27.3333,88.6166
2019-01-12,"Arunachal Pradesh",NER,2.1,27.1004,93.6166
2019-01-12,Assam,NER,30.1,26.75,94.2167
2019-01-12,Manipur,NER,2.5,24.8,93.95
2019-01-12,Meghalaya,NER,6,25.5705,91.88
2019-01-12,Mizoram,NER,1.8,23.7104,92.72
2019-01-12,Nagaland,NER,2,25.667,94.1166
2019-01-12,Tripura,NER,4.6,23.8354,91.28
2019-01-13,Punjab,NR,135.8,31.52,75.98
2019-01-13,Haryana,NR,141.4,28.45,77.02
2019-01-13,Rajasthan,NR,186.9,26.45,74.64
2019-01-13,Delhi,NR,89.4,28.67,77.23
2019-01-13,UP,NR,310,27.6,78.05
2019-01-13,Uttarakhand,NR,36.7,30.3204,78.05
2019-01-13,HP,NR,26.4,31.1,77.1666
2019-01-13,J&K,NR,32.7,33.45,76.24
2019-01-13,Chandigarh,NR,3.8,30.72,76.78
2019-01-13,Chhattisgarh,WR,87.6,22.0904,82.16
2019-01-13,Gujarat,WR,301.2,22.2587,71.1924
2019-01-13,MP,WR,168.6,21.3004,76.13
2019-01-13,Maharashtra,WR,408.3,19.2502,73.1602
2019-01-13,Goa,WR,12.4,15.492,73.818
2019-01-13,DNH,WR,17.6,20.2666,73.0166
2019-01-13,"Andhra Pradesh",SR,164.9,14.7504,78.57
2019-01-13,Telangana,SR,176.9,18.1124,79.0193
2019-01-13,Karnataka,SR,162.4,12.5704,76.92
2019-01-13,Kerala,SR,72.4,8.90037,76.57
2019-01-13,"Tamil Nadu",SR,314.1,12.9204,79.15
2019-01-13,Pondy,SR,8.4,11.935,79.83
2019-01-13,Bihar,ER,87.7,25.7854,87.48
2019-01-13,Jharkhand,ER,24.8,23.8004,86.42
2019-01-13,Odisha,ER,84.3,19.8204,85.9
2019-01-13,"West Bengal",ER,155.3,22.5804,88.3299
2019-01-13,Sikkim,ER,1,27.3333,88.6166
2019-01-13,"Arunachal Pradesh",NER,2.1,27.1004,93.6166
2019-01-13,Assam,NER,30.1,26.75,94.2167
2019-01-13,Manipur,NER,2.5,24.8,93.95
2019-01-13,Meghalaya,NER,5.9,25.5705,91.88
2019-01-13,Mizoram,NER,1.8,23.7104,92.72
2019-01-13,Nagaland,NER,2.2,25.667,94.1166
2019-01-13,Tripura,NER,4.8,23.8354,91.28
2019-01-14,Punjab,NR,139.3,31.52,75.98
2019-01-14,Haryana,NR,143.8,28.45,77.02
2019-01-14,Rajasthan,NR,195.2,26.45,74.64
2019-01-14,Delhi,NR,82.2,28.67,77.23
2019-01-14,UP,NR,319.5,27.6,78.05
2019-01-14,Uttarakhand,NR,35.5,30.3204,78.05
2019-01-14,HP,NR,26.9,31.1,77.1666
2019-01-14,J&K,NR,37.6,33.45,76.24
2019-01-14,Chandigarh,NR,3.5,30.72,76.78
2019-01-14,Chhattisgarh,WR,89.6,22.0904,82.16
2019-01-14,Gujarat,WR,305.6,22.2587,71.1924
2019-01-14,MP,WR,170.7,21.3004,76.13
2019-01-14,Maharashtra,WR,406.3,19.2502,73.1602
2019-01-14,Goa,WR,12.4,15.492,73.818
2019-01-14,DNH,WR,18.5,20.2666,73.0166
2019-01-14,"Andhra Pradesh",SR,163.3,14.7504,78.57
2019-01-14,Telangana,SR,177,18.1124,79.0193
2019-01-14,Karnataka,SR,156.7,12.5704,76.92
2019-01-14,Kerala,SR,69.6,8.90037,76.57
2019-01-14,"Tamil Nadu",SR,305.9,12.9204,79.15
2019-01-14,Pondy,SR,8.3,11.935,79.83
2019-01-14,Bihar,ER,88.2,25.7854,87.48
2019-01-14,Jharkhand,ER,24.8,23.8004,86.42
2019-01-14,Odisha,ER,85.7,19.8204,85.9
2019-01-14,"West Bengal",ER,143.9,22.5804,88.3299
2019-01-14,Sikkim,ER,0.9,27.3333,88.6166
2019-01-14,"Arunachal Pradesh",NER,2.1,27.1004,93.6166
2019-01-14,Assam,NER,31.7,26.75,94.2167
2019-01-14,Manipur,NER,2.5,24.8,93.95
2019-01-14,Meghalaya,NER,5.4,25.5705,91.88
2019-01-14,Mizoram,NER,1.8,23.7104,92.72
2019-01-14,Nagaland,NER,2.1,25.667,94.1166
2019-01-14,Tripura,NER,5,23.8354,91.28
2019-01-15,Punjab,NR,141.1,31.52,75.98
2019-01-15,Haryana,NR,142.9,28.45,77.02
2019-01-15,Rajasthan,NR,185.4,26.45,74.64
2019-01-15,Delhi,NR,77.8,28.67,77.23
2019-01-15,UP,NR,326.7,27.6,78.05
2019-01-15,Uttarakhand,NR,34.3,30.3204,78.05
2019-01-15,HP,NR,25.6,31.1,77.1666
2019-01-15,J&K,NR,39.5,33.45,76.24
2019-01-15,Chandigarh,NR,3.2,30.72,76.78
2019-01-15,Chhattisgarh,WR,88,22.0904,82.16
2019-01-15,Gujarat,WR,290.5,22.2587,71.1924
2019-01-15,MP,WR,170.2,21.3004,76.13
2019-01-15,Maharashtra,WR,392.1,19.2502,73.1602
2019-01-15,Goa,WR,12.4,15.492,73.818
2019-01-15,DNH,WR,17.3,20.2666,73.0166
2019-01-15,"Andhra Pradesh",SR,160.7,14.7504,78.57
2019-01-15,Telangana,SR,174.3,18.1124,79.0193
2019-01-15,Karnataka,SR,138.7,12.5704,76.92
2019-01-15,Kerala,SR,64.2,8.90037,76.57
2019-01-15,"Tamil Nadu",SR,288.7,12.9204,79.15
2019-01-15,Pondy,SR,7.4,11.935,79.83
2019-01-15,Bihar,ER,93.7,25.7854,87.48
2019-01-15,Jharkhand,ER,24.8,23.8004,86.42
2019-01-15,Odisha,ER,82.1,19.8204,85.9
2019-01-15,"West Bengal",ER,143.4,22.5804,88.3299
2019-01-15,Sikkim,ER,0.7,27.3333,88.6166
2019-01-15,"Arunachal Pradesh",NER,2.2,27.1004,93.6166
2019-01-15,Assam,NER,29.2,26.75,94.2167
2019-01-15,Manipur,NER,2.5,24.8,93.95
2019-01-15,Meghalaya,NER,5.2,25.5705,91.88
2019-01-15,Mizoram,NER,1.7,23.7104,92.72
2019-01-15,Nagaland,NER,2.2,25.667,94.1166
2019-01-15,Tripura,NER,4.8,23.8354,91.28
2019-01-16,Punjab,NR,231.9,31.52,75.98
2019-01-16,Haryana,NR,180.5,28.45,77.02
2019-01-16,Rajasthan,NR,175.3,26.45,74.64
2019-01-16,Delhi,NR,111.8,28.67,77.23
2019-01-16,UP,NR,399,27.6,78.05
2019-01-16,Uttarakhand,NR,41,30.3204,78.05
2019-01-16,HP,NR,29.4,31.1,77.1666
2019-01-16,J&K,NR,41.8,33.45,76.24
2019-01-16,Chandigarh,NR,6,30.72,76.78
2019-01-16,Chhattisgarh,WR,89.2,22.0904,82.16
2019-01-16,Gujarat,WR,299.5,22.2587,71.1924
2019-01-16,MP,WR,185.1,21.3004,76.13
2019-01-16,Maharashtra,WR,377.1,19.2502,73.1602
2019-01-16,Goa,WR,11.3,15.492,73.818
2019-01-16,DNH,WR,18.9,20.2666,73.0166
2019-01-16,"Andhra Pradesh",SR,155.2,14.7504,78.57
2019-01-16,Telangana,SR,161.3,18.1124,79.0193
2019-01-16,Karnataka,SR,175.2,12.5704,76.92
2019-01-16,Kerala,SR,68.5,8.90037,76.57
2019-01-16,"Tamil Nadu",SR,301.4,12.9204,79.15
2019-01-16,Pondy,SR,7.6,11.935,79.83
2019-01-16,Bihar,ER,93.5,25.7854,87.48
2019-01-16,Jharkhand,ER,22.1,23.8004,86.42
2019-01-16,Odisha,ER,82.6,19.8204,85.9
2019-01-16,"West Bengal",ER,152.9,22.5804,88.3299
2019-01-16,Sikkim,ER,0.7,27.3333,88.6166
2019-01-16,"Arunachal Pradesh",NER,2.2,27.1004,93.6166
2019-01-16,Assam,NER,31.3,26.75,94.2167
2019-01-16,Manipur,NER,2.3,24.8,93.95
2019-01-16,Meghalaya,NER,5.6,25.5705,91.88
2019-01-16,Mizoram,NER,1.8,23.7104,92.72
2019-01-16,Nagaland,NER,2.2,25.667,94.1166
2019-01-16,Tripura,NER,5.8,23.8354,91.28
2019-01-17,Punjab,NR,253.8,31.52,75.98
2019-01-17,Haryana,NR,196.4,28.45,77.02
2019-01-17,Rajasthan,NR,197.2,26.45,74.64
2019-01-17,Delhi,NR,115.6,28.67,77.23
2019-01-17,UP,NR,412.5,27.6,78.05
2019-01-17,Uttarakhand,NR,41.7,30.3204,78.05
2019-01-17,HP,NR,29.8,31.1,77.1666
2019-01-17,J&K,NR,42.3,33.45,76.24
2019-01-17,Chandigarh,NR,5.6,30.72,76.78
2019-01-17,Chhattisgarh,WR,83.5,22.0904,82.16
2019-01-17,Gujarat,WR,282,22.2587,71.1924
2019-01-17,MP,WR,183.7,21.3004,76.13
2019-01-17,Maharashtra,WR,368.4,19.2502,73.1602
2019-01-17,Goa,WR,11.3,15.492,73.818
2019-01-17,DNH,WR,18.4,20.2666,73.0166
2019-01-17,"Andhra Pradesh",SR,161.8,14.7504,78.57
2019-01-17,Telangana,SR,156.5,18.1124,79.0193
2019-01-17,Karnataka,SR,167.1,12.5704,76.92
2019-01-17,Kerala,SR,70.3,8.90037,76.57
2019-01-17,"Tamil Nadu",SR,313.9,12.9204,79.15
2019-01-17,Pondy,SR,7.7,11.935,79.83
2019-01-17,Bihar,ER,98.9,25.7854,87.48
2019-01-17,Jharkhand,ER,22.3,23.8004,86.42
2019-01-17,Odisha,ER,85.9,19.8204,85.9
2019-01-17,"West Bengal",ER,167.7,22.5804,88.3299
2019-01-17,Sikkim,ER,0.8,27.3333,88.6166
2019-01-17,"Arunachal Pradesh",NER,2.2,27.1004,93.6166
2019-01-17,Assam,NER,33.1,26.75,94.2167
2019-01-17,Manipur,NER,2.5,24.8,93.95
2019-01-17,Meghalaya,NER,5.5,25.5705,91.88
2019-01-17,Mizoram,NER,1.8,23.7104,92.72
2019-01-17,Nagaland,NER,2.2,25.667,94.1166
2019-01-17,Tripura,NER,4.2,23.8354,91.28
2019-01-18,Punjab,NR,236.4,31.52,75.98
2019-01-18,Haryana,NR,193.9,28.45,77.02
2019-01-18,Rajasthan,NR,209.8,26.45,74.64
2019-01-18,Delhi,NR,117.9,28.67,77.23
2019-01-18,UP,NR,426,27.6,78.05
2019-01-18,Uttarakhand,NR,40.3,30.3204,78.05
2019-01-18,HP,NR,27.9,31.1,77.1666
2019-01-18,J&K,NR,36.7,33.45,76.24
2019-01-18,Chandigarh,NR,5,30.72,76.78
2019-01-18,Chhattisgarh,WR,82.2,22.0904,82.16
2019-01-18,Gujarat,WR,269.1,22.2587,71.1924
2019-01-18,MP,WR,183.4,21.3004,76.13
2019-01-18,Maharashtra,WR,360.8,19.2502,73.1602
2019-01-18,Goa,WR,11.3,15.492,73.818
2019-01-18,DNH,WR,18.3,20.2666,73.0166
2019-01-18,"Andhra Pradesh",SR,169.9,14.7504,78.57
2019-01-18,Telangana,SR,169.4,18.1124,79.0193
2019-01-18,Karnataka,SR,182.5,12.5704,76.92
2019-01-18,Kerala,SR,71.6,8.90037,76.57
2019-01-18,"Tamil Nadu",SR,321.5,12.9204,79.15
2019-01-18,Pondy,SR,8.2,11.935,79.83
2019-01-18,Bihar,ER,106.1,25.7854,87.48
2019-01-18,Jharkhand,ER,24.1,23.8004,86.42
2019-01-18,Odisha,ER,89.1,19.8204,85.9
2019-01-18,"West Bengal",ER,175.9,22.5804,88.3299
2019-01-18,Sikkim,ER,0.8,27.3333,88.6166
2019-01-18,"Arunachal Pradesh",NER,2.5,27.1004,93.6166
2019-01-18,Assam,NER,32.5,26.75,94.2167
2019-01-18,Manipur,NER,2.5,24.8,93.95
2019-01-18,Meghalaya,NER,5.8,25.5705,91.88
2019-01-18,Mizoram,NER,1.6,23.7104,92.72
2019-01-18,Nagaland,NER,2.3,25.667,94.1166
2019-01-18,Tripura,NER,4.3,23.8354,91.28
2019-01-19,Punjab,NR,229.8,31.52,75.98
2019-01-19,Haryana,NR,201.8,28.45,77.02
2019-01-19,Rajasthan,NR,197.6,26.45,74.64
2019-01-19,Delhi,NR,121.9,28.67,77.23
2019-01-19,UP,NR,437.9,27.6,78.05
2019-01-19,Uttarakhand,NR,42.4,30.3204,78.05
2019-01-19,HP,NR,28.7,31.1,77.1666
2019-01-19,J&K,NR,38.5,33.45,76.24
2019-01-19,Chandigarh,NR,5.3,30.72,76.78
2019-01-19,Chhattisgarh,WR,86.8,22.0904,82.16
2019-01-19,Gujarat,WR,260.2,22.2587,71.1924
2019-01-19,MP,WR,183.7,21.3004,76.13
2019-01-19,Maharashtra,WR,371.2,19.2502,73.1602
2019-01-19,Goa,WR,11.8,15.492,73.818
2019-01-19,DNH,WR,18.1,20.2666,73.0166
2019-01-19,"Andhra Pradesh",SR,166,14.7504,78.57
2019-01-19,Telangana,SR,171.8,18.1124,79.0193
2019-01-19,Karnataka,SR,185,12.5704,76.92
2019-01-19,Kerala,SR,72.6,8.90037,76.57
2019-01-19,"Tamil Nadu",SR,325.8,12.9204,79.15
2019-01-19,Pondy,SR,8.3,11.935,79.83
2019-01-19,Bihar,ER,105.5,25.7854,87.48
2019-01-19,Jharkhand,ER,23.8,23.8004,86.42
2019-01-19,Odisha,ER,98.1,19.8204,85.9
2019-01-19,"West Bengal",ER,180.6,22.5804,88.3299
2019-01-19,Sikkim,ER,0.9,27.3333,88.6166
2019-01-19,"Arunachal Pradesh",NER,2.4,27.1004,93.6166
2019-01-19,Assam,NER,31.4,26.75,94.2167
2019-01-19,Manipur,NER,2.6,24.8,93.95
2019-01-19,Meghalaya,NER,5.6,25.5705,91.88
2019-01-19,Mizoram,NER,1.6,23.7104,92.72
2019-01-19,Nagaland,NER,2.2,25.667,94.1166
2019-01-19,Tripura,NER,4.8,23.8354,91.28
2019-01-20,Punjab,NR,195,31.52,75.98
2019-01-20,Haryana,NR,192.3,28.45,77.02
2019-01-20,Rajasthan,NR,197.6,26.45,74.64
2019-01-20,Delhi,NR,121.7,28.67,77.23
2019-01-20,UP,NR,428.3,27.6,78.05
2019-01-20,Uttarakhand,NR,42.4,30.3204,78.05
2019-01-20,HP,NR,28.1,31.1,77.1666
2019-01-20,J&K,NR,40.4,33.45,76.24
2019-01-20,Chandigarh,NR,5.1,30.72,76.78
2019-01-20,Chhattisgarh,WR,90,22.0904,82.16
2019-01-20,Gujarat,WR,273.8,22.2587,71.1924
2019-01-20,MP,WR,189.3,21.3004,76.13
2019-01-20,Maharashtra,WR,362.4,19.2502,73.1602
2019-01-20,Goa,WR,11.8,15.492,73.818
2019-01-20,DNH,WR,17.7,20.2666,73.0166
2019-01-20,"Andhra Pradesh",SR,153.9,14.7504,78.57
2019-01-20,Telangana,SR,152,18.1124,79.0193
2019-01-20,Karnataka,SR,184.7,12.5704,76.92
2019-01-20,Kerala,SR,72.4,8.90037,76.57
2019-01-20,"Tamil Nadu",SR,325.4,12.9204,79.15
2019-01-20,Pondy,SR,8.3,11.935,79.83
2019-01-20,Bihar,ER,106.7,25.7854,87.48
2019-01-20,Jharkhand,ER,25,23.8004,86.42
2019-01-20,Odisha,ER,96.5,19.8204,85.9
2019-01-20,"West Bengal",ER,178.9,22.5804,88.3299
2019-01-20,Sikkim,ER,0.9,27.3333,88.6166
2019-01-20,"Arunachal Pradesh",NER,2.1,27.1004,93.6166
2019-01-20,Assam,NER,33,26.75,94.2167
2019-01-20,Manipur,NER,2.6,24.8,93.95
2019-01-20,Meghalaya,NER,5.6,25.5705,91.88
2019-01-20,Mizoram,NER,1.7,23.7104,92.72
2019-01-20,Nagaland,NER,2.2,25.667,94.1166
2019-01-20,Tripura,NER,5.5,23.8354,91.28
2019-01-21,Punjab,NR,207.1,31.52,75.98
2019-01-21,Haryana,NR,182.9,28.45,77.02
2019-01-21,Rajasthan,NR,189.7,26.45,74.64
2019-01-21,Delhi,NR,112.2,28.67,77.23
2019-01-21,UP,NR,407.9,27.6,78.05
2019-01-21,Uttarakhand,NR,39.8,30.3204,78.05
2019-01-21,HP,NR,28.8,31.1,77.1666
2019-01-21,J&K,NR,41.7,33.45,76.24
2019-01-21,Chandigarh,NR,5.2,30.72,76.78
2019-01-21,Chhattisgarh,WR,87.5,22.0904,82.16
2019-01-21,Gujarat,WR,276.7,22.2587,71.1924
2019-01-21,MP,WR,187.9,21.3004,76.13
2019-01-21,Maharashtra,WR,356.6,19.2502,73.1602
2019-01-21,Goa,WR,11.8,15.492,73.818
2019-01-21,DNH,WR,17.9,20.2666,73.0166
2019-01-21,"Andhra Pradesh",SR,153.3,14.7504,78.57
2019-01-21,Telangana,SR,144.5,18.1124,79.0193
2019-01-21,Karnataka,SR,179.9,12.5704,76.92
2019-01-21,Kerala,SR,72.1,8.90037,76.57
2019-01-21,"Tamil Nadu",SR,311.5,12.9204,79.15
2019-01-21,Pondy,SR,8,11.935,79.83
2019-01-21,Bihar,ER,109.1,25.7854,87.48
2019-01-21,Jharkhand,ER,24.8,23.8004,86.42
2019-01-21,Odisha,ER,97.6,19.8204,85.9
2019-01-21,"West Bengal",ER,178.9,22.5804,88.3299
2019-01-21,Sikkim,ER,0.8,27.3333,88.6166
2019-01-21,"Arunachal Pradesh",NER,2.2,27.1004,93.6166
2019-01-21,Assam,NER,34.3,26.75,94.2167
2019-01-21,Manipur,NER,2.7,24.8,93.95
2019-01-21,Meghalaya,NER,5.7,25.5705,91.88
2019-01-21,Mizoram,NER,1.8,23.7104,92.72
2019-01-21,Nagaland,NER,2.3,25.667,94.1166
2019-01-21,Tripura,NER,5.4,23.8354,91.28
2019-01-22,Punjab,NR,218.9,31.52,75.98
2019-01-22,Haryana,NR,178.2,28.45,77.02
2019-01-22,Rajasthan,NR,191.9,26.45,74.64
2019-01-22,Delhi,NR,108,28.67,77.23
2019-01-22,UP,NR,417.1,27.6,78.05
2019-01-22,Uttarakhand,NR,38.8,30.3204,78.05
2019-01-22,HP,NR,26.5,31.1,77.1666
2019-01-22,J&K,NR,42.5,33.45,76.24
2019-01-22,Chandigarh,NR,5.1,30.72,76.78
2019-01-22,Chhattisgarh,WR,90.2,22.0904,82.16
2019-01-22,Gujarat,WR,263.5,22.2587,71.1924
2019-01-22,MP,WR,188.2,21.3004,76.13
2019-01-22,Maharashtra,WR,330.8,19.2502,73.1602
2019-01-22,Goa,WR,8.2,15.492,73.818
2019-01-22,DNH,WR,16.3,20.2666,73.0166
2019-01-22,"Andhra Pradesh",SR,152.6,14.7504,78.57
2019-01-22,Telangana,SR,150.3,18.1124,79.0193
2019-01-22,Karnataka,SR,157.5,12.5704,76.92
2019-01-22,Kerala,SR,65.5,8.90037,76.57
2019-01-22,"Tamil Nadu",SR,295.3,12.9204,79.15
2019-01-22,Pondy,SR,7.6,11.935,79.83
2019-01-22,Bihar,ER,111,25.7854,87.48
2019-01-22,Jharkhand,ER,23.8,23.8004,86.42
2019-01-22,Odisha,ER,97.2,19.8204,85.9
2019-01-22,"West Bengal",ER,173,22.5804,88.3299
2019-01-22,Sikkim,ER,0.6,27.3333,88.6166
2019-01-22,"Arunachal Pradesh",NER,2.3,27.1004,93.6166
2019-01-22,Assam,NER,33.3,26.75,94.2167
2019-01-22,Manipur,NER,2.5,24.8,93.95
2019-01-22,Meghalaya,NER,5.7,25.5705,91.88
2019-01-22,Mizoram,NER,1.8,23.7104,92.72
2019-01-22,Nagaland,NER,2.4,25.667,94.1166
2019-01-22,Tripura,NER,4.9,23.8354,91.28
2019-01-23,Punjab,NR,136,31.52,75.98
2019-01-23,Haryana,NR,150.5,28.45,77.02
2019-01-23,Rajasthan,NR,227.2,26.45,74.64
2019-01-23,Delhi,NR,109.3,28.67,77.23
2019-01-23,UP,NR,395.8,27.6,78.05
2019-01-23,Uttarakhand,NR,41.5,30.3204,78.05
2019-01-23,HP,NR,27.3,31.1,77.1666
2019-01-23,J&K,NR,44.3,33.45,76.24
2019-01-23,Chandigarh,NR,4.8,30.72,76.78
2019-01-23,Chhattisgarh,WR,105.7,22.0904,82.16
2019-01-23,Gujarat,WR,391.4,22.2587,71.1924
2019-01-23,MP,WR,219.7,21.3004,76.13
2019-01-23,Maharashtra,WR,499.4,19.2502,73.1602
2019-01-23,Goa,WR,13.5,15.492,73.818
2019-01-23,DNH,WR,18.9,20.2666,73.0166
2019-01-23,"Andhra Pradesh",SR,194.9,14.7504,78.57
2019-01-23,Telangana,SR,175,18.1124,79.0193
2019-01-23,Karnataka,SR,230.1,12.5704,76.92
2019-01-23,Kerala,SR,82.3,8.90037,76.57
2019-01-23,"Tamil Nadu",SR,340.6,12.9204,79.15
2019-01-23,Pondy,SR,8.9,11.935,79.83
2019-01-23,Bihar,ER,101.7,25.7854,87.48
2019-01-23,Jharkhand,ER,27.5,23.8004,86.42
2019-01-23,Odisha,ER,97.1,19.8204,85.9
2019-01-23,"West Bengal",ER,183.4,22.5804,88.3299
2019-01-23,Sikkim,ER,1.1,27.3333,88.6166
2019-01-23,"Arunachal Pradesh",NER,2.2,27.1004,93.6166
2019-01-23,Assam,NER,22.5,26.75,94.2167
2019-01-23,Manipur,NER,1.8,24.8,93.95
2019-01-23,Meghalaya,NER,5.6,25.5705,91.88
2019-01-23,Mizoram,NER,1.8,23.7104,92.72
2019-01-23,Nagaland,NER,2.2,25.667,94.1166
2019-01-23,Tripura,NER,5.5,23.8354,91.28
2019-01-24,Punjab,NR,132.5,31.52,75.98
2019-01-24,Haryana,NR,154.7,28.45,77.02
2019-01-24,Rajasthan,NR,231.6,26.45,74.64
2019-01-24,Delhi,NR,111.9,28.67,77.23
2019-01-24,UP,NR,410.9,27.6,78.05
2019-01-24,Uttarakhand,NR,41.8,30.3204,78.05
2019-01-24,HP,NR,27.6,31.1,77.1666
2019-01-24,J&K,NR,43.9,33.45,76.24
2019-01-24,Chandigarh,NR,5,30.72,76.78
2019-01-24,Chhattisgarh,WR,105.9,22.0904,82.16
2019-01-24,Gujarat,WR,385.3,22.2587,71.1924
2019-01-24,MP,WR,219.7,21.3004,76.13
2019-01-24,Maharashtra,WR,508.9,19.2502,73.1602
2019-01-24,Goa,WR,13.5,15.492,73.818
2019-01-24,DNH,WR,18.8,20.2666,73.0166
2019-01-24,"Andhra Pradesh",SR,193.7,14.7504,78.57
2019-01-24,Telangana,SR,177.3,18.1124,79.0193
2019-01-24,Karnataka,SR,214.8,12.5704,76.92
2019-01-24,Kerala,SR,79.5,8.90037,76.57
2019-01-24,"Tamil Nadu",SR,332.7,12.9204,79.15
2019-01-24,Pondy,SR,9.1,11.935,79.83
2019-01-24,Bihar,ER,105,25.7854,87.48
2019-01-24,Jharkhand,ER,25.9,23.8004,86.42
2019-01-24,Odisha,ER,98,19.8204,85.9
2019-01-24,"West Bengal",ER,175.5,22.5804,88.3299
2019-01-24,Sikkim,ER,1.2,27.3333,88.6166
2019-01-24,"Arunachal Pradesh",NER,2.3,27.1004,93.6166
2019-01-24,Assam,NER,21.3,26.75,94.2167
2019-01-24,Manipur,NER,2.5,24.8,93.95
2019-01-24,Meghalaya,NER,5.6,25.5705,91.88
2019-01-24,Mizoram,NER,1.6,23.7104,92.72
2019-01-24,Nagaland,NER,2.2,25.667,94.1166
2019-01-24,Tripura,NER,4.5,23.8354,91.28
2019-01-25,Punjab,NR,134.3,31.52,75.98
2019-01-25,Haryana,NR,155.2,28.45,77.02
2019-01-25,Rajasthan,NR,232.4,26.45,74.64
2019-01-25,Delhi,NR,114.2,28.67,77.23
2019-01-25,UP,NR,408.7,27.6,78.05
2019-01-25,Uttarakhand,NR,40.2,30.3204,78.05
2019-01-25,HP,NR,25.7,31.1,77.1666
2019-01-25,J&K,NR,43.7,33.45,76.24
2019-01-25,Chandigarh,NR,5.1,30.72,76.78
2019-01-25,Chhattisgarh,WR,103.7,22.0904,82.16
2019-01-25,Gujarat,WR,380.2,22.2587,71.1924
2019-01-25,MP,WR,218.4,21.3004,76.13
2019-01-25,Maharashtra,WR,456,19.2502,73.1602
2019-01-25,Goa,WR,13.5,15.492,73.818
2019-01-25,DNH,WR,17.4,20.2666,73.0166
2019-01-25,"Andhra Pradesh",SR,176.4,14.7504,78.57
2019-01-25,Telangana,SR,160.9,18.1124,79.0193
2019-01-25,Karnataka,SR,180.6,12.5704,76.92
2019-01-25,Kerala,SR,74.8,8.90037,76.57
2019-01-25,"Tamil Nadu",SR,298.4,12.9204,79.15
2019-01-25,Pondy,SR,6.6,11.935,79.83
2019-01-25,Bihar,ER,102.1,25.7854,87.48
2019-01-25,Jharkhand,ER,23.2,23.8004,86.42
2019-01-25,Odisha,ER,97.1,19.8204,85.9
2019-01-25,"West Bengal",ER,161.2,22.5804,88.3299
2019-01-25,Sikkim,ER,0.9,27.3333,88.6166
2019-01-25,"Arunachal Pradesh",NER,2.2,27.1004,93.6166
2019-01-25,Assam,NER,18.7,26.75,94.2167
2019-01-25,Manipur,NER,2.4,24.8,93.95
2019-01-25,Meghalaya,NER,4.9,25.5705,91.88
2019-01-25,Mizoram,NER,1.7,23.7104,92.72
2019-01-25,Nagaland,NER,2.1,25.667,94.1166
2019-01-25,Tripura,NER,4.9,23.8354,91.28
2019-01-26,Punjab,NR,135.9,31.52,75.98
2019-01-26,Haryana,NR,143.2,28.45,77.02
2019-01-26,Rajasthan,NR,229.6,26.45,74.64
2019-01-26,Delhi,NR,112.7,28.67,77.23
2019-01-26,UP,NR,373.4,27.6,78.05
2019-01-26,Uttarakhand,NR,35.5,30.3204,78.05
2019-01-26,HP,NR,26.2,31.1,77.1666
2019-01-26,J&K,NR,43.1,33.45,76.24
2019-01-26,Chandigarh,NR,4.7,30.72,76.78
2019-01-26,Chhattisgarh,WR,105.8,22.0904,82.16
2019-01-26,Gujarat,WR,380.6,22.2587,71.1924
2019-01-26,MP,WR,219.8,21.3004,76.13
2019-01-26,Maharashtra,WR,485.9,19.2502,73.1602
2019-01-26,Goa,WR,13.5,15.492,73.818
2019-01-26,DNH,WR,18.1,20.2666,73.0166
2019-01-26,"Andhra Pradesh",SR,172.4,14.7504,78.57
2019-01-26,Telangana,SR,165.2,18.1124,79.0193
2019-01-26,Karnataka,SR,209.6,12.5704,76.92
2019-01-26,Kerala,SR,80.7,8.90037,76.57
2019-01-26,"Tamil Nadu",SR,330,12.9204,79.15
2019-01-26,Pondy,SR,7.4,11.935,79.83
2019-01-26,Bihar,ER,100.1,25.7854,87.48
2019-01-26,Jharkhand,ER,25,23.8004,86.42
2019-01-26,Odisha,ER,87.7,19.8204,85.9
2019-01-26,"West Bengal",ER,169.5,22.5804,88.3299
2019-01-26,Sikkim,ER,1.2,27.3333,88.6166
2019-01-26,"Arunachal Pradesh",NER,2.2,27.1004,93.6166
2019-01-26,Assam,NER,22.3,26.75,94.2167
2019-01-26,Manipur,NER,2.4,24.8,93.95
2019-01-26,Meghalaya,NER,5.6,25.5705,91.88
2019-01-26,Mizoram,NER,1.6,23.7104,92.72
2019-01-26,Nagaland,NER,2.2,25.667,94.1166
2019-01-26,Tripura,NER,5.4,23.8354,91.28
2019-01-27,Punjab,NR,141.2,31.52,75.98
2019-01-27,Haryana,NR,138.9,28.45,77.02
2019-01-27,Rajasthan,NR,226.9,26.45,74.64
2019-01-27,Delhi,NR,105,28.67,77.23
2019-01-27,UP,NR,341.6,27.6,78.05
2019-01-27,Uttarakhand,NR,37.9,30.3204,78.05
2019-01-27,HP,NR,27,31.1,77.1666
2019-01-27,J&K,NR,45.3,33.45,76.24
2019-01-27,Chandigarh,NR,4.7,30.72,76.78
2019-01-27,Chhattisgarh,WR,98.3,22.0904,82.16
2019-01-27,Gujarat,WR,379.4,22.2587,71.1924
2019-01-27,MP,WR,212.8,21.3004,76.13
2019-01-27,Maharashtra,WR,485.2,19.2502,73.1602
2019-01-27,Goa,WR,13.5,15.492,73.818
2019-01-27,DNH,WR,18.2,20.2666,73.0166
2019-01-27,"Andhra Pradesh",SR,181,14.7504,78.57
2019-01-27,Telangana,SR,168.4,18.1124,79.0193
2019-01-27,Karnataka,SR,223.4,12.5704,76.92
2019-01-27,Kerala,SR,81.9,8.90037,76.57
2019-01-27,"Tamil Nadu",SR,347.2,12.9204,79.15
2019-01-27,Pondy,SR,8.6,11.935,79.83
2019-01-27,Bihar,ER,82.8,25.7854,87.48
2019-01-27,Jharkhand,ER,21.4,23.8004,86.42
2019-01-27,Odisha,ER,51.1,19.8204,85.9
2019-01-27,"West Bengal",ER,135.6,22.5804,88.3299
2019-01-27,Sikkim,ER,1.3,27.3333,88.6166
2019-01-27,"Arunachal Pradesh",NER,2.2,27.1004,93.6166
2019-01-27,Assam,NER,23.6,26.75,94.2167
2019-01-27,Manipur,NER,2.4,24.8,93.95
2019-01-27,Meghalaya,NER,5.6,25.5705,91.88
2019-01-27,Mizoram,NER,1.8,23.7104,92.72
2019-01-27,Nagaland,NER,2.3,25.667,94.1166
2019-01-27,Tripura,NER,4.1,23.8354,91.28
2019-01-28,Punjab,NR,144.5,31.52,75.98
2019-01-28,Haryana,NR,148.6,28.45,77.02
2019-01-28,Rajasthan,NR,222.4,26.45,74.64
2019-01-28,Delhi,NR,100.5,28.67,77.23
2019-01-28,UP,NR,393.3,27.6,78.05
2019-01-28,Uttarakhand,NR,41.8,30.3204,78.05
2019-01-28,HP,NR,26.9,31.1,77.1666
2019-01-28,J&K,NR,46.2,33.45,76.24
2019-01-28,Chandigarh,NR,4.4,30.72,76.78
2019-01-28,Chhattisgarh,WR,94.8,22.0904,82.16
2019-01-28,Gujarat,WR,377.9,22.2587,71.1924
2019-01-28,MP,WR,210,21.3004,76.13
2019-01-28,Maharashtra,WR,485.1,19.2502,73.1602
2019-01-28,Goa,WR,11.6,15.492,73.818
2019-01-28,DNH,WR,18.3,20.2666,73.0166
2019-01-28,"Andhra Pradesh",SR,189.4,14.7504,78.57
2019-01-28,Telangana,SR,168.8,18.1124,79.0193
2019-01-28,Karnataka,SR,224.5,12.5704,76.92
2019-01-28,Kerala,SR,80.8,8.90037,76.57
2019-01-28,"Tamil Nadu",SR,346.6,12.9204,79.15
2019-01-28,Pondy,SR,8.8,11.935,79.83
2019-01-28,Bihar,ER,80.4,25.7854,87.48
2019-01-28,Jharkhand,ER,18.7,23.8004,86.42
2019-01-28,Odisha,ER,55.8,19.8204,85.9
2019-01-28,"West Bengal",ER,103.6,22.5804,88.3299
2019-01-28,Sikkim,ER,1.1,27.3333,88.6166
2019-01-28,"Arunachal Pradesh",NER,2,27.1004,93.6166
2019-01-28,Assam,NER,18.7,26.75,94.2167
2019-01-28,Manipur,NER,2.3,24.8,93.95
2019-01-28,Meghalaya,NER,4.7,25.5705,91.88
2019-01-28,Mizoram,NER,1.5,23.7104,92.72
2019-01-28,Nagaland,NER,2,25.667,94.1166
2019-01-28,Tripura,NER,2.4,23.8354,91.28
2019-01-29,Punjab,NR,139.6,31.52,75.98
2019-01-29,Haryana,NR,141.8,28.45,77.02
2019-01-29,Rajasthan,NR,223.8,26.45,74.64
2019-01-29,Delhi,NR,96.4,28.67,77.23
2019-01-29,UP,NR,365.3,27.6,78.05
2019-01-29,Uttarakhand,NR,37.8,30.3204,78.05
2019-01-29,HP,NR,24.7,31.1,77.1666
2019-01-29,J&K,NR,43.9,33.45,76.24
2019-01-29,Chandigarh,NR,4.1,30.72,76.78
2019-01-29,Chhattisgarh,WR,94.7,22.0904,82.16
2019-01-29,Gujarat,WR,362.8,22.2587,71.1924
2019-01-29,MP,WR,208.6,21.3004,76.13
2019-01-29,Maharashtra,WR,475.9,19.2502,73.1602
2019-01-29,Goa,WR,10.7,15.492,73.818
2019-01-29,DNH,WR,18.2,20.2666,73.0166
2019-01-29,"Andhra Pradesh",SR,189.8,14.7504,78.57
2019-01-29,Telangana,SR,163,18.1124,79.0193
2019-01-29,Karnataka,SR,215.5,12.5704,76.92
2019-01-29,Kerala,SR,75.3,8.90037,76.57
2019-01-29,"Tamil Nadu",SR,329.5,12.9204,79.15
2019-01-29,Pondy,SR,8.4,11.935,79.83
2019-01-29,Bihar,ER,87.9,25.7854,87.48
2019-01-29,Jharkhand,ER,23.8,23.8004,86.42
2019-01-29,Odisha,ER,62,19.8204,85.9
2019-01-29,"West Bengal",ER,131.5,22.5804,88.3299
2019-01-29,Sikkim,ER,1,27.3333,88.6166
2019-01-29,"Arunachal Pradesh",NER,1.8,27.1004,93.6166
2019-01-29,Assam,NER,18.3,26.75,94.2167
2019-01-29,Manipur,NER,1.9,24.8,93.95
2019-01-29,Meghalaya,NER,5,25.5705,91.88
2019-01-29,Mizoram,NER,1.5,23.7104,92.72
2019-01-29,Nagaland,NER,1.9,25.667,94.1166
2019-01-29,Tripura,NER,3.4,23.8354,91.28
2019-01-30,Punjab,NR,60,31.52,75.98
2019-01-30,Haryana,NR,66.5,28.45,77.02
2019-01-30,Rajasthan,NR,131.8,26.45,74.64
2019-01-30,Delhi,NR,41.8,28.67,77.23
2019-01-30,UP,NR,220.4,27.6,78.05
2019-01-30,Uttarakhand,NR,16.8,30.3204,78.05
2019-01-30,HP,NR,12.7,31.1,77.1666
2019-01-30,J&K,NR,45.3,33.45,76.24
2019-01-30,Chandigarh,NR,2.2,30.72,76.78
2019-01-30,Chhattisgarh,WR,71.9,22.0904,82.16
2019-01-30,Gujarat,WR,203.5,22.2587,71.1924
2019-01-30,MP,WR,150.4,21.3004,76.13
2019-01-30,Maharashtra,WR,348.4,19.2502,73.1602
2019-01-30,Goa,WR,6.9,15.492,73.818
2019-01-30,DNH,WR,1.6,20.2666,73.0166
2019-01-30,"Andhra Pradesh",SR,160.4,14.7504,78.57
2019-01-30,Telangana,SR,206.5,18.1124,79.0193
2019-01-30,Karnataka,SR,215.7,12.5704,76.92
2019-01-30,Kerala,SR,67.8,8.90037,76.57
2019-01-30,"Tamil Nadu",SR,242.7,12.9204,79.15
2019-01-30,Pondy,SR,4,11.935,79.83
2019-01-30,Bihar,ER,65.3,25.7854,87.48
2019-01-30,Jharkhand,ER,21.9,23.8004,86.42
2019-01-30,Odisha,ER,80.1,19.8204,85.9
2019-01-30,"West Bengal",ER,125.7,22.5804,88.3299
2019-01-30,Sikkim,ER,1.1,27.3333,88.6166
2019-01-30,"Arunachal Pradesh",NER,1.8,27.1004,93.6166
2019-01-30,Assam,NER,20,26.75,94.2167
2019-01-30,Manipur,NER,2.4,24.8,93.95
2019-01-30,Meghalaya,NER,3.4,25.5705,91.88
2019-01-30,Mizoram,NER,1.6,23.7104,92.72
2019-01-30,Nagaland,NER,1.9,25.667,94.1166
2019-01-30,Tripura,NER,3.4,23.8354,91.28
2019-01-31,Punjab,NR,62.7,31.52,75.98
2019-01-31,Haryana,NR,68.1,28.45,77.02
2019-01-31,Rajasthan,NR,141.4,26.45,74.64
2019-01-31,Delhi,NR,43.1,28.67,77.23
2019-01-31,UP,NR,220.8,27.6,78.05
2019-01-31,Uttarakhand,NR,17.3,30.3204,78.05
2019-01-31,HP,NR,12.5,31.1,77.1666
2019-01-31,J&K,NR,41.9,33.45,76.24
2019-01-31,Chandigarh,NR,2.2,30.72,76.78
2019-01-31,Chhattisgarh,WR,67.8,22.0904,82.16
2019-01-31,Gujarat,WR,212,22.2587,71.1924
2019-01-31,MP,WR,155.6,21.3004,76.13
2019-01-31,Maharashtra,WR,345.2,19.2502,73.1602
2019-01-31,Goa,WR,6.7,15.492,73.818
2019-01-31,DNH,WR,1.7,20.2666,73.0166
2019-01-31,"Andhra Pradesh",SR,162.7,14.7504,78.57
2019-01-31,Telangana,SR,203.2,18.1124,79.0193
2019-01-31,Karnataka,SR,218.2,12.5704,76.92
2019-01-31,Kerala,SR,69.3,8.90037,76.57
2019-01-31,"Tamil Nadu",SR,244.1,12.9204,79.15
2019-01-31,Pondy,SR,4.2,11.935,79.83
2019-01-31,Bihar,ER,69.4,25.7854,87.48
2019-01-31,Jharkhand,ER,22.8,23.8004,86.42
2019-01-31,Odisha,ER,76.1,19.8204,85.9
2019-01-31,"West Bengal",ER,126.1,22.5804,88.3299
2019-01-31,Sikkim,ER,1.2,27.3333,88.6166
2019-01-31,"Arunachal Pradesh",NER,2,27.1004,93.6166
2019-01-31,Assam,NER,20.5,26.75,94.2167
2019-01-31,Manipur,NER,2.5,24.8,93.95
2019-01-31,Meghalaya,NER,3.4,25.5705,91.88
2019-01-31,Mizoram,NER,1.6,23.7104,92.72
2019-01-31,Nagaland,NER,2.1,25.667,94.1166
2019-01-31,Tripura,NER,3.9,23.8354,91.28
2019-02-02,Punjab,NR,63.6,31.52,75.98
2019-02-02,Haryana,NR,66.7,28.45,77.02
2019-02-02,Rajasthan,NR,141.3,26.45,74.64
2019-02-02,Delhi,NR,42.9,28.67,77.23
2019-02-02,UP,NR,234.8,27.6,78.05
2019-02-02,Uttarakhand,NR,17.8,30.3204,78.05
2019-02-02,HP,NR,13,31.1,77.1666
2019-02-02,J&K,NR,40.2,33.45,76.24
2019-02-02,Chandigarh,NR,2.3,30.72,76.78
2019-02-02,Chhattisgarh,WR,72.6,22.0904,82.16
